{
  "jenks": [
    7.421790599822998,
    17.93686294555664,
    21.40496063232422,
    24.463533401489258,
    28.644710540771484,
    43.12371826171875
  ],
  "quantile": [
    7.421790599822998,
    19.90587387084961,
    21.933784866333006,
    23.160824584960938,
    25.149148559570314,
    43.12371826171875
  ]
}