{
  "raw": {
    "jenks": [
      7.421790599822998,
      17.93686294555664,
      21.40496063232422,
      24.463533401489258,
      28.644710540771484,
      43.12371826171875
    ],
    "quantile": [
      7.421790599822998,
      19.90587387084961,
      21.933784866333006,
      23.160824584960938,
      25.149148559570314,
      43.12371826171875
    ]
  },
  "smoothed": {
    "jenks": [
      14.12271937931615,
      19.8962317088017,
      21.87810636461737,
      23.308366307036394,
      24.840005641691977,
      30.434139708236998
    ],
    "quantile": [
      14.12271937931615,
      21.332270219856497,
      22.429380137163715,
      23.118673135125814,
      23.994403690052913,
      30.434139708236998
    ]
  }
}