{
  "jenks": [
    13.247204780578613,
    19.17801284790039,
    20.777944564819336,
    21.857500076293945,
    23.237760543823242,
    26.812374114990234
  ],
  "quantile": [
    13.247204780578613,
    20.790578079223632,
    21.351680755615234,
    21.42450714111328,
    21.506055450439455,
    26.812374114990234
  ]
}