{
  "raw": {
    "jenks": [
      13.822182655334473,
      20.241470336914062,
      22.3530330657959,
      23.803590774536133,
      25.74542236328125,
      31.190290451049805
    ],
    "quantile": [
      13.822182655334473,
      22.41517448425293,
      23.119327545166016,
      23.19377326965332,
      23.38228988647461,
      31.190290451049805
    ]
  },
  "smoothed": {
    "jenks": [
      20.564558891922466,
      22.096619447280446,
      22.641309287564553,
      23.026304769641566,
      23.47869675373162,
      24.67169136620676
    ],
    "quantile": [
      20.564558891922466,
      22.750385083469087,
      23.03168193052455,
      23.192456888910314,
      23.19377326965332,
      24.67169136620676
    ]
  }
}