{
  "raw": {
    "jenks": [
      12.970948219299316,
      18.65586280822754,
      20.638639450073242,
      21.983469009399414,
      23.766033172607422,
      28.744396209716797
    ],
    "quantile": [
      12.970948219299316,
      20.714155197143555,
      21.358034133911133,
      21.42450714111328,
      21.602893829345703,
      28.744396209716797
    ]
  },
  "smoothed": {
    "jenks": [
      19.033026356108852,
      20.376874703900903,
      20.900044179449633,
      21.264260565279994,
      21.668661816412882,
      22.77773866647381
    ],
    "quantile": [
      19.033026356108852,
      21.02164034821583,
      21.277031725093366,
      21.423214218728162,
      21.42450714111329,
      22.77773866647381
    ]
  }
}