{
  "raw": {
    "jenks": [
      13.412619590759277,
      19.901897430419922,
      21.990859985351562,
      23.43564224243164,
      25.37763023376465,
      30.746252059936523
    ],
    "quantile": [
      13.412619590759277,
      22.051368713378906,
      22.74666404724121,
      22.820188522338867,
      23.008190155029297,
      30.746252059936523
    ]
  },
  "smoothed": {
    "jenks": [
      20.199178608126612,
      21.718343680861928,
      22.263548415036023,
      22.65178313404096,
      23.108239663321555,
      24.28267044060208
    ],
    "quantile": [
      20.199178608126612,
      22.38466365207995,
      22.662448682229762,
      22.818895972958924,
      22.820188522338867,
      24.28267044060208
    ]
  }
}